{"cameraMode":{"drawMode":0,"name":"Shaded","section":"Shading Mode"},"sceneLighting":true,"audioPlay":false,"sceneViewState":{"m_AlwaysRefresh":false,"showFog":true,"showSkybox":true,"showFlares":true,"showImageEffects":true,"showParticleSystems":true,"showVisualEffectGraphs":true,"m_FxEnabled":true},"in2DMode":false,"pivot":{"x":698.8812866210938,"y":45.01129150390625,"z":1617.1715087890625},"rotation":{"x":0.044958099722862247,"y":0.025465618818998338,"z":-0.0022806269116699697,"w":0.9991143345832825},"size":559.1795654296875,"orthographic":false}