{"cameraMode":{"drawMode":0,"name":"Shaded","section":"Shading Mode"},"sceneLighting":false,"audioPlay":false,"sceneViewState":{"m_AlwaysRefresh":false,"showFog":true,"showSkybox":false,"showFlares":true,"showImageEffects":true,"showParticleSystems":true,"showVisualEffectGraphs":true,"m_FxEnabled":true},"in2DMode":false,"pivot":{"x":0.006008148193359375,"y":0.9514636993408203,"z":-1.0083770751953126},"rotation":{"x":-0.07830582559108734,"y":-0.8510017395019531,"z":0.13251130282878877,"w":-0.5025824904441834},"size":1.1332478523254395,"orthographic":false}